year,argo_cd,azure_devops,bamboo,bitbucket,github,gitlab,jenkins,teamcity,tekton,travis_ci,Total
2011,0,0,0,0,0,0,1,0,0,0,1
2012,0,0,1,0,0,0,2,0,0,0,3
2013,0,0,0,0,0,0,10,0,0,0,10
2014,0,0,0,0,0,7,22,0,0,0,29
2015,0,0,0,0,0,0,19,2,0,0,21
2016,0,0,4,0,0,1,16,0,0,0,21
2017,0,0,5,1,0,8,5,0,0,0,19
2018,0,0,7,6,0,48,57,0,0,0,118
2019,0,17,1,2,0,164,25,18,0,0,227
2020,1,8,0,5,0,235,20,18,0,0,287
2021,5,2,1,1,8,155,30,38,0,1,241
2022,15,0,2,3,12,150,9,29,0,0,220
2023,9,9,1,1,25,175,14,35,1,0,270
2024,14,3,2,1,40,145,6,65,0,0,276
2025,7,0,0,0,11,165,15,48,0,0,246
2026,3,1,3,0,31,214,26,24,7,0,309
Total,54,40,27,20,127,1467,277,277,8,1,2298
