project,CWE-1021,CWE-1023,CWE-113,CWE-116,CWE-117,CWE-1188,CWE-1220,CWE-1230,CWE-1270,CWE-1280,CWE-1284,CWE-1287,CWE-1288,CWE-1289,CWE-129,CWE-1295,CWE-1333,CWE-1390,CWE-153,CWE-17,CWE-177,CWE-178,CWE-180,CWE-183,CWE-184,CWE-185,CWE-190,CWE-20,CWE-200,CWE-201,CWE-203,CWE-208,CWE-209,CWE-212,CWE-213,CWE-214,CWE-22,CWE-223,CWE-23,CWE-233,CWE-248,CWE-250,CWE-252,CWE-254,CWE-262,CWE-264,CWE-266,CWE-267,CWE-268,CWE-269,CWE-27,CWE-270,CWE-272,CWE-276,CWE-279,CWE-280,CWE-281,CWE-282,CWE-284,CWE-285,CWE-286,CWE-287,CWE-288,CWE-290,CWE-295,CWE-302,CWE-303,CWE-305,CWE-306,CWE-307,CWE-308,CWE-310,CWE-311,CWE-312,CWE-319,CWE-325,CWE-326,CWE-327,CWE-328,CWE-330,CWE-331,CWE-335,CWE-345,CWE-346,CWE-347,CWE-348,CWE-349,CWE-350,CWE-352,CWE-354,CWE-358,CWE-359,CWE-362,CWE-367,CWE-377,CWE-384,CWE-399,CWE-400,CWE-404,CWE-407,CWE-409,CWE-41,CWE-415,CWE-424,CWE-425,CWE-434,CWE-436,CWE-441,CWE-444,CWE-451,CWE-453,CWE-459,CWE-470,CWE-471,CWE-476,CWE-497,CWE-502,CWE-522,CWE-526,CWE-532,CWE-535,CWE-538,CWE-540,CWE-552,CWE-565,CWE-566,CWE-59,CWE-599,CWE-601,CWE-61,CWE-611,CWE-613,CWE-639,CWE-640,CWE-642,CWE-668,CWE-674,CWE-684,CWE-697,CWE-703,CWE-706,CWE-708,CWE-73,CWE-732,CWE-74,CWE-749,CWE-754,CWE-755,CWE-77,CWE-770,CWE-772,CWE-78,CWE-787,CWE-789,CWE-79,CWE-798,CWE-80,CWE-821,CWE-829,CWE-835,CWE-840,CWE-841,CWE-843,CWE-862,CWE-863,CWE-88,CWE-89,CWE-90,CWE-915,CWE-918,CWE-922,CWE-93,CWE-939,CWE-94,CWE-98,CWE-99,NVD-CWE-Other,NVD-CWE-noinfo,Total
argo_cd,0,0,0,0,0,1,0,0,0,0,0,0,0,0,0,0,0,0,0,0,0,0,0,0,0,0,0,3,8,1,1,0,6,2,0,0,6,0,0,0,1,0,0,0,0,0,0,0,0,2,0,0,0,0,0,0,0,0,3,0,0,3,0,2,2,0,0,0,2,4,0,0,0,0,0,0,0,2,0,1,1,1,0,0,0,0,0,0,2,0,0,0,1,0,0,0,0,5,0,0,0,0,0,0,0,0,0,0,0,0,0,0,0,0,2,1,0,0,0,2,0,0,0,0,0,0,3,1,0,2,0,2,0,0,0,0,0,0,0,2,0,0,0,2,0,0,0,0,0,1,0,0,1,0,8,0,0,0,0,0,0,0,0,2,7,0,0,0,0,0,0,0,0,0,0,0,1,6,103
azure_devops,0,0,0,2,0,0,0,0,0,0,0,0,0,0,0,0,0,0,0,0,0,0,0,0,0,0,0,2,0,0,0,0,0,0,0,0,0,0,0,0,0,0,0,0,0,0,0,0,0,0,0,0,0,0,0,0,0,0,2,0,0,0,0,0,0,0,0,0,0,0,0,0,0,0,0,0,0,0,0,0,0,0,0,0,0,0,0,0,1,0,0,0,0,0,0,0,0,0,0,0,0,0,0,0,0,0,0,0,0,0,0,0,0,0,0,0,1,0,0,0,0,0,0,0,0,0,0,0,0,0,0,0,0,0,0,0,0,0,0,0,0,0,0,0,0,0,0,0,2,0,0,0,0,0,21,0,0,0,0,0,0,0,0,0,0,0,0,0,0,1,0,0,0,2,0,0,0,18,52
bamboo,0,0,0,0,0,0,0,0,0,0,0,0,0,0,0,0,0,0,0,0,0,0,2,0,0,0,0,4,1,0,0,0,0,0,0,0,0,0,0,0,0,0,0,0,0,0,0,0,0,0,0,0,0,0,0,0,0,0,2,1,0,1,0,0,0,0,0,0,0,0,0,0,0,0,0,0,0,0,0,0,0,0,0,1,0,0,0,0,2,0,0,0,0,0,0,0,0,0,0,0,0,0,0,0,0,0,0,0,0,0,0,0,0,0,0,0,0,0,0,0,0,0,0,0,0,0,0,0,0,0,0,0,0,0,0,0,0,0,0,0,0,0,0,1,0,0,0,0,0,0,0,1,0,0,4,0,0,0,0,0,0,0,0,1,2,0,0,0,0,0,0,0,0,3,1,0,0,5,32
bitbucket,0,0,0,0,0,0,0,0,0,0,0,0,0,0,0,0,0,0,0,0,0,0,0,0,0,0,0,1,0,0,0,0,0,0,0,0,4,0,0,0,0,0,0,0,0,0,0,0,0,1,0,0,0,1,0,0,0,0,0,0,0,0,0,0,0,0,0,0,0,0,0,0,0,0,1,0,0,0,0,0,0,0,0,0,0,0,0,0,0,0,0,0,0,0,0,0,0,0,0,0,0,0,0,0,0,0,0,0,0,0,0,0,0,0,0,0,2,0,0,0,0,0,0,0,0,0,1,0,1,0,0,0,0,0,0,0,0,0,0,0,0,0,0,0,0,0,0,0,3,0,0,3,0,0,0,0,0,0,0,0,0,0,0,0,0,2,0,0,0,3,0,0,0,1,0,0,0,3,27
github,1,0,0,0,0,0,0,0,0,0,0,0,0,0,0,0,0,0,0,0,0,0,0,0,0,1,0,11,9,1,0,1,0,0,0,1,20,0,2,0,0,0,0,0,0,0,0,0,0,12,0,0,0,0,0,0,0,0,0,1,0,5,0,0,0,0,1,0,1,0,0,0,0,0,0,0,0,0,0,0,2,0,0,0,5,0,0,0,3,0,0,0,0,8,0,0,0,2,0,0,0,0,0,0,0,0,1,0,0,3,0,0,2,0,0,0,2,0,0,4,0,0,0,1,0,0,2,0,1,0,0,0,7,0,0,2,1,0,8,0,0,0,0,0,0,0,0,0,14,1,0,2,0,0,14,0,0,0,0,0,0,0,0,6,23,3,0,0,0,8,0,0,0,4,0,0,2,9,207
gitlab,7,1,1,12,0,0,10,1,1,3,13,5,1,1,0,1,66,1,1,0,1,0,0,0,0,0,1,18,67,16,1,0,15,3,3,0,35,0,1,2,0,3,1,0,2,3,4,2,2,16,0,2,0,10,1,0,8,1,26,8,6,19,10,6,6,1,0,1,11,3,0,0,0,6,4,0,1,1,0,2,0,0,1,2,4,1,1,1,22,0,0,3,5,5,1,2,0,56,1,7,1,1,1,1,5,4,1,2,2,2,0,2,0,1,0,4,4,8,0,24,2,1,1,2,1,0,0,0,23,0,0,9,59,5,1,6,2,3,2,0,4,3,0,30,6,2,2,3,17,104,1,3,2,1,220,2,4,1,2,8,6,1,3,91,149,0,2,0,1,55,1,2,0,21,0,2,79,294,1868
jenkins,1,0,0,1,1,0,0,0,0,0,0,0,0,0,0,0,0,0,0,1,0,1,0,0,1,0,0,11,31,0,3,0,2,0,0,0,17,0,0,0,0,0,0,3,0,13,0,0,0,0,1,0,0,2,0,0,0,0,3,0,0,5,0,0,1,0,0,0,0,0,0,1,1,4,1,3,1,0,0,1,0,0,1,2,0,0,0,1,17,0,3,0,1,1,1,2,1,1,1,0,0,0,0,0,0,1,0,0,0,0,0,0,0,0,0,0,15,0,0,1,0,0,0,0,0,1,6,0,5,0,0,1,0,0,0,0,0,0,0,0,0,0,0,1,1,0,2,0,0,6,1,1,0,0,64,0,0,0,0,2,0,0,1,18,13,0,0,1,1,1,0,0,0,2,0,0,9,17,313
teamcity,0,0,0,0,0,3,0,0,0,0,0,0,2,1,0,0,1,0,0,0,0,0,0,1,1,0,0,1,2,1,2,1,3,1,0,0,9,1,9,0,0,0,0,0,0,0,1,0,0,3,0,0,1,8,0,1,0,1,1,2,0,3,4,0,1,0,1,0,4,0,1,0,0,3,0,0,0,1,1,0,0,0,0,0,0,0,0,0,6,1,0,0,1,1,0,0,0,0,0,0,0,0,0,0,1,0,0,0,0,0,1,1,0,0,0,0,3,9,1,18,0,3,0,0,0,0,0,0,7,0,4,6,0,1,0,1,0,0,0,0,0,0,1,1,1,2,0,0,2,2,0,4,0,0,122,0,0,0,2,0,0,0,0,8,23,4,0,0,0,6,2,0,1,3,0,0,10,31,366
tekton,0,0,0,0,0,0,0,0,0,0,0,0,0,0,1,0,0,0,0,0,0,0,0,0,0,1,0,0,0,1,0,0,0,0,0,0,3,0,0,0,0,0,0,0,0,0,0,0,0,0,0,0,0,0,0,0,0,0,0,0,0,0,0,0,0,0,0,0,0,0,0,0,0,0,0,0,0,0,0,0,0,0,1,0,0,0,0,0,0,0,0,0,0,0,0,0,0,1,0,0,0,0,0,0,0,0,0,0,0,0,0,0,0,0,0,0,0,0,0,0,0,0,0,0,0,0,0,0,0,0,0,0,0,0,0,0,0,0,0,0,0,0,0,0,0,0,0,0,0,0,0,0,0,0,0,0,0,0,0,0,0,0,0,0,0,2,0,0,0,0,0,0,0,0,0,0,0,1,11
travis_ci,0,0,0,0,0,0,0,0,0,0,0,0,0,0,0,0,0,0,0,0,0,0,0,0,0,0,0,0,0,0,0,0,0,0,0,0,0,0,0,0,0,0,0,0,0,0,0,0,0,0,0,0,0,0,0,0,0,0,0,0,0,0,0,0,0,0,0,0,0,0,0,0,0,0,0,0,0,0,0,0,0,0,0,0,0,0,0,0,0,0,0,0,0,0,0,0,0,0,0,0,0,0,0,0,0,0,0,0,0,0,0,0,0,0,0,0,0,0,0,0,0,0,0,0,0,0,0,0,0,0,0,0,0,0,0,0,0,0,0,0,0,0,0,0,0,0,0,0,0,0,0,0,0,0,0,0,0,0,0,0,0,0,0,1,0,0,0,0,0,0,0,0,0,0,0,0,0,0,1
Total,9,1,1,15,1,4,10,1,1,3,13,5,3,2,1,1,67,1,1,1,1,1,2,1,2,2,1,51,118,20,7,2,26,6,3,1,94,1,12,2,1,3,1,3,2,16,5,2,2,34,1,2,1,21,1,1,8,2,37,12,6,36,14,8,10,1,2,1,18,7,1,1,1,13,6,3,2,4,1,4,3,1,3,5,9,1,1,2,53,1,3,3,8,15,2,4,1,65,2,7,1,1,1,1,6,5,2,2,2,5,1,3,2,1,2,5,27,17,1,49,2,4,1,3,1,1,12,1,37,2,4,18,66,6,1,9,3,3,10,2,4,3,1,35,8,4,4,3,38,114,2,14,3,1,453,2,4,1,4,10,6,1,4,127,217,11,2,1,2,74,3,2,1,36,1,2,101,384,2980
